<?xml version="1.0" encoding="UTF-8"?>
<root>
  <mocha>
    <name>Mocha</name>
    <order>3</order>
    <dark>true</dark>
    <colors>
      <rosewater>
        <name>Rosewater</name>
        <order>0</order>
        <hex>#f5e0dc</hex>
        <rgb>
          <r>245</r>
          <g>224</g>
          <b>220</b>
        </rgb>
        <hsl>
          <h>9.599999999999968</h>
          <s>0.555555555555556</s>
          <l>0.911764705882353</l>
        </hsl>
        <accent>true</accent>
      </rosewater>
      <flamingo>
        <name>Flamingo</name>
        <order>1</order>
        <hex>#f2cdcd</hex>
        <rgb>
          <r>242</r>
          <g>205</g>
          <b>205</b>
        </rgb>
        <hsl>
          <h>0</h>
          <s>0.587301587301587</s>
          <l>0.8764705882352941</l>
        </hsl>
        <accent>true</accent>
      </flamingo>
      <pink>
        <name>Pink</name>
        <order>2</order>
        <hex>#f5c2e7</hex>
        <rgb>
          <r>245</r>
          <g>194</g>
          <b>231</b>
        </rgb>
        <hsl>
          <h>316.4705882352941</h>
          <s>0.7183098591549301</s>
          <l>0.8607843137254902</l>
        </hsl>
        <accent>true</accent>
      </pink>
      <mauve>
        <name>Mauve</name>
        <order>3</order>
        <hex>#cba6f7</hex>
        <rgb>
          <r>203</r>
          <g>166</g>
          <b>247</b>
        </rgb>
        <hsl>
          <h>267.4074074074074</h>
          <s>0.8350515463917528</s>
          <l>0.8098039215686275</l>
        </hsl>
        <accent>true</accent>
      </mauve>
      <red>
        <name>Red</name>
        <order>4</order>
        <hex>#f38ba8</hex>
        <rgb>
          <r>243</r>
          <g>139</g>
          <b>168</b>
        </rgb>
        <hsl>
          <h>343.2692307692308</h>
          <s>0.8124999999999998</s>
          <l>0.7490196078431373</l>
        </hsl>
        <accent>true</accent>
      </red>
      <maroon>
        <name>Maroon</name>
        <order>5</order>
        <hex>#eba0ac</hex>
        <rgb>
          <r>235</r>
          <g>160</g>
          <b>172</b>
        </rgb>
        <hsl>
          <h>350.4</h>
          <s>0.6521739130434779</s>
          <l>0.7745098039215685</l>
        </hsl>
        <accent>true</accent>
      </maroon>
      <peach>
        <name>Peach</name>
        <order>6</order>
        <hex>#fab387</hex>
        <rgb>
          <r>250</r>
          <g>179</g>
          <b>135</b>
        </rgb>
        <hsl>
          <h>22.95652173913043</h>
          <s>0.92</s>
          <l>0.7549019607843137</l>
        </hsl>
        <accent>true</accent>
      </peach>
      <yellow>
        <name>Yellow</name>
        <order>7</order>
        <hex>#f9e2af</hex>
        <rgb>
          <r>249</r>
          <g>226</g>
          <b>175</b>
        </rgb>
        <hsl>
          <h>41.35135135135135</h>
          <s>0.8604651162790699</s>
          <l>0.8313725490196078</l>
        </hsl>
        <accent>true</accent>
      </yellow>
      <green>
        <name>Green</name>
        <order>8</order>
        <hex>#a6e3a1</hex>
        <rgb>
          <r>166</r>
          <g>227</g>
          <b>161</b>
        </rgb>
        <hsl>
          <h>115.45454545454544</h>
          <s>0.5409836065573769</s>
          <l>0.7607843137254902</l>
        </hsl>
        <accent>true</accent>
      </green>
      <teal>
        <name>Teal</name>
        <order>9</order>
        <hex>#94e2d5</hex>
        <rgb>
          <r>148</r>
          <g>226</g>
          <b>213</b>
        </rgb>
        <hsl>
          <h>170.00000000000003</h>
          <s>0.5735294117647057</s>
          <l>0.7333333333333334</l>
        </hsl>
        <accent>true</accent>
      </teal>
      <sky>
        <name>Sky</name>
        <order>10</order>
        <hex>#89dceb</hex>
        <rgb>
          <r>137</r>
          <g>220</g>
          <b>235</b>
        </rgb>
        <hsl>
          <h>189.18367346938774</h>
          <s>0.7101449275362316</s>
          <l>0.7294117647058823</l>
        </hsl>
        <accent>true</accent>
      </sky>
      <sapphire>
        <name>Sapphire</name>
        <order>11</order>
        <hex>#74c7ec</hex>
        <rgb>
          <r>116</r>
          <g>199</g>
          <b>236</b>
        </rgb>
        <hsl>
          <h>198.5</h>
          <s>0.759493670886076</s>
          <l>0.6901960784313725</l>
        </hsl>
        <accent>true</accent>
      </sapphire>
      <blue>
        <name>Blue</name>
        <order>12</order>
        <hex>#89b4fa</hex>
        <rgb>
          <r>137</r>
          <g>180</g>
          <b>250</b>
        </rgb>
        <hsl>
          <h>217.1681415929203</h>
          <s>0.9186991869918699</s>
          <l>0.7588235294117647</l>
        </hsl>
        <accent>true</accent>
      </blue>
      <lavender>
        <name>Lavender</name>
        <order>13</order>
        <hex>#b4befe</hex>
        <rgb>
          <r>180</r>
          <g>190</g>
          <b>254</b>
        </rgb>
        <hsl>
          <h>231.89189189189187</h>
          <s>0.9736842105263159</s>
          <l>0.8509803921568628</l>
        </hsl>
        <accent>true</accent>
      </lavender>
      <text>
        <name>Text</name>
        <order>14</order>
        <hex>#cdd6f4</hex>
        <rgb>
          <r>205</r>
          <g>214</g>
          <b>244</b>
        </rgb>
        <hsl>
          <h>226.15384615384616</h>
          <s>0.6393442622950825</s>
          <l>0.8803921568627451</l>
        </hsl>
        <accent>false</accent>
      </text>
      <subtext1>
        <name>Subtext 1</name>
        <order>15</order>
        <hex>#bac2de</hex>
        <rgb>
          <r>186</r>
          <g>194</g>
          <b>222</b>
        </rgb>
        <hsl>
          <h>226.66666666666669</h>
          <s>0.35294117647058837</s>
          <l>0.8</l>
        </hsl>
        <accent>false</accent>
      </subtext1>
      <subtext0>
        <name>Subtext 0</name>
        <order>16</order>
        <hex>#a6adc8</hex>
        <rgb>
          <r>166</r>
          <g>173</g>
          <b>200</b>
        </rgb>
        <hsl>
          <h>227.6470588235294</h>
          <s>0.23611111111111102</s>
          <l>0.7176470588235294</l>
        </hsl>
        <accent>false</accent>
      </subtext0>
      <overlay2>
        <name>Overlay 2</name>
        <order>17</order>
        <hex>#9399b2</hex>
        <rgb>
          <r>147</r>
          <g>153</g>
          <b>178</b>
        </rgb>
        <hsl>
          <h>228.38709677419354</h>
          <s>0.16756756756756758</s>
          <l>0.6372549019607843</l>
        </hsl>
        <accent>false</accent>
      </overlay2>
      <overlay1>
        <name>Overlay 1</name>
        <order>18</order>
        <hex>#7f849c</hex>
        <rgb>
          <r>127</r>
          <g>132</g>
          <b>156</b>
        </rgb>
        <hsl>
          <h>229.65517241379308</h>
          <s>0.12775330396475776</s>
          <l>0.5549019607843138</l>
        </hsl>
        <accent>false</accent>
      </overlay1>
      <overlay0>
        <name>Overlay 0</name>
        <order>19</order>
        <hex>#6c7086</hex>
        <rgb>
          <r>108</r>
          <g>112</g>
          <b>134</b>
        </rgb>
        <hsl>
          <h>230.7692307692308</h>
          <s>0.10743801652892565</s>
          <l>0.4745098039215686</l>
        </hsl>
        <accent>false</accent>
      </overlay0>
      <surface2>
        <name>Surface 2</name>
        <order>20</order>
        <hex>#585b70</hex>
        <rgb>
          <r>88</r>
          <g>91</g>
          <b>112</b>
        </rgb>
        <hsl>
          <h>232.5</h>
          <s>0.12</s>
          <l>0.39215686274509803</l>
        </hsl>
        <accent>false</accent>
      </surface2>
      <surface1>
        <name>Surface 1</name>
        <order>21</order>
        <hex>#45475a</hex>
        <rgb>
          <r>69</r>
          <g>71</g>
          <b>90</b>
        </rgb>
        <hsl>
          <h>234.2857142857143</h>
          <s>0.13207547169811326</s>
          <l>0.31176470588235294</l>
        </hsl>
        <accent>false</accent>
      </surface1>
      <surface0>
        <name>Surface 0</name>
        <order>22</order>
        <hex>#313244</hex>
        <rgb>
          <r>49</r>
          <g>50</g>
          <b>68</b>
        </rgb>
        <hsl>
          <h>236.84210526315792</h>
          <s>0.16239316239316234</s>
          <l>0.22941176470588237</l>
        </hsl>
        <accent>false</accent>
      </surface0>
      <base>
        <name>Base</name>
        <order>23</order>
        <hex>#1e1e2e</hex>
        <rgb>
          <r>30</r>
          <g>30</g>
          <b>46</b>
        </rgb>
        <hsl>
          <h>240</h>
          <s>0.21052631578947367</s>
          <l>0.14901960784313725</l>
        </hsl>
        <accent>false</accent>
      </base>
      <mantle>
        <name>Mantle</name>
        <order>24</order>
        <hex>#181825</hex>
        <rgb>
          <r>24</r>
          <g>24</g>
          <b>37</b>
        </rgb>
        <hsl>
          <h>240</h>
          <s>0.2131147540983607</s>
          <l>0.11960784313725491</l>
        </hsl>
        <accent>false</accent>
      </mantle>
      <crust>
        <name>Crust</name>
        <order>25</order>
        <hex>#11111b</hex>
        <rgb>
          <r>17</r>
          <g>17</g>
          <b>27</b>
        </rgb>
        <hsl>
          <h>240</h>
          <s>0.22727272727272727</s>
          <l>0.08627450980392157</l>
        </hsl>
        <accent>false</accent>
      </crust>
    </colors>
  </mocha>
  <macchiato>
    <name>Macchiato</name>
    <order>2</order>
    <dark>true</dark>
    <colors>
      <rosewater>
        <name>Rosewater</name>
        <order>0</order>
        <hex>#f4dbd6</hex>
        <rgb>
          <r>244</r>
          <g>219</g>
          <b>214</b>
        </rgb>
        <hsl>
          <h>9.999999999999963</h>
          <s>0.5769230769230775</s>
          <l>0.8980392156862745</l>
        </hsl>
        <accent>true</accent>
      </rosewater>
      <flamingo>
        <name>Flamingo</name>
        <order>1</order>
        <hex>#f0c6c6</hex>
        <rgb>
          <r>240</r>
          <g>198</g>
          <b>198</b>
        </rgb>
        <hsl>
          <h>0</h>
          <s>0.5833333333333333</s>
          <l>0.8588235294117648</l>
        </hsl>
        <accent>true</accent>
      </flamingo>
      <pink>
        <name>Pink</name>
        <order>2</order>
        <hex>#f5bde6</hex>
        <rgb>
          <r>245</r>
          <g>189</g>
          <b>230</b>
        </rgb>
        <hsl>
          <h>316.0714285714286</h>
          <s>0.7368421052631583</s>
          <l>0.8509803921568628</l>
        </hsl>
        <accent>true</accent>
      </pink>
      <mauve>
        <name>Mauve</name>
        <order>3</order>
        <hex>#c6a0f6</hex>
        <rgb>
          <r>198</r>
          <g>160</g>
          <b>246</b>
        </rgb>
        <hsl>
          <h>266.51162790697674</h>
          <s>0.8269230769230772</s>
          <l>0.7960784313725491</l>
        </hsl>
        <accent>true</accent>
      </mauve>
      <red>
        <name>Red</name>
        <order>4</order>
        <hex>#ed8796</hex>
        <rgb>
          <r>237</r>
          <g>135</g>
          <b>150</b>
        </rgb>
        <hsl>
          <h>351.1764705882353</h>
          <s>0.7391304347826088</s>
          <l>0.7294117647058824</l>
        </hsl>
        <accent>true</accent>
      </red>
      <maroon>
        <name>Maroon</name>
        <order>5</order>
        <hex>#ee99a0</hex>
        <rgb>
          <r>238</r>
          <g>153</g>
          <b>160</b>
        </rgb>
        <hsl>
          <h>355.05882352941177</h>
          <s>0.7142857142857143</s>
          <l>0.7666666666666666</l>
        </hsl>
        <accent>true</accent>
      </maroon>
      <peach>
        <name>Peach</name>
        <order>6</order>
        <hex>#f5a97f</hex>
        <rgb>
          <r>245</r>
          <g>169</g>
          <b>127</b>
        </rgb>
        <hsl>
          <h>21.355932203389827</h>
          <s>0.8550724637681162</s>
          <l>0.7294117647058824</l>
        </hsl>
        <accent>true</accent>
      </peach>
      <yellow>
        <name>Yellow</name>
        <order>7</order>
        <hex>#eed49f</hex>
        <rgb>
          <r>238</r>
          <g>212</g>
          <b>159</b>
        </rgb>
        <hsl>
          <h>40.253164556962034</h>
          <s>0.6991150442477877</s>
          <l>0.7784313725490196</l>
        </hsl>
        <accent>true</accent>
      </yellow>
      <green>
        <name>Green</name>
        <order>8</order>
        <hex>#a6da95</hex>
        <rgb>
          <r>166</r>
          <g>218</g>
          <b>149</b>
        </rgb>
        <hsl>
          <h>105.21739130434783</h>
          <s>0.4825174825174825</s>
          <l>0.7196078431372549</l>
        </hsl>
        <accent>true</accent>
      </green>
      <teal>
        <name>Teal</name>
        <order>9</order>
        <hex>#8bd5ca</hex>
        <rgb>
          <r>139</r>
          <g>213</g>
          <b>202</b>
        </rgb>
        <hsl>
          <h>171.08108108108107</h>
          <s>0.46835443037974706</s>
          <l>0.6901960784313725</l>
        </hsl>
        <accent>true</accent>
      </teal>
      <sky>
        <name>Sky</name>
        <order>10</order>
        <hex>#91d7e3</hex>
        <rgb>
          <r>145</r>
          <g>215</g>
          <b>227</b>
        </rgb>
        <hsl>
          <h>188.78048780487802</h>
          <s>0.5942028985507245</s>
          <l>0.7294117647058823</l>
        </hsl>
        <accent>true</accent>
      </sky>
      <sapphire>
        <name>Sapphire</name>
        <order>11</order>
        <hex>#7dc4e4</hex>
        <rgb>
          <r>125</r>
          <g>196</g>
          <b>228</b>
        </rgb>
        <hsl>
          <h>198.64077669902912</h>
          <s>0.6560509554140128</s>
          <l>0.692156862745098</l>
        </hsl>
        <accent>true</accent>
      </sapphire>
      <blue>
        <name>Blue</name>
        <order>12</order>
        <hex>#8aadf4</hex>
        <rgb>
          <r>138</r>
          <g>173</g>
          <b>244</b>
        </rgb>
        <hsl>
          <h>220.188679245283</h>
          <s>0.8281250000000003</s>
          <l>0.7490196078431373</l>
        </hsl>
        <accent>true</accent>
      </blue>
      <lavender>
        <name>Lavender</name>
        <order>13</order>
        <hex>#b7bdf8</hex>
        <rgb>
          <r>183</r>
          <g>189</g>
          <b>248</b>
        </rgb>
        <hsl>
          <h>234.46153846153848</h>
          <s>0.8227848101265824</s>
          <l>0.8450980392156863</l>
        </hsl>
        <accent>true</accent>
      </lavender>
      <text>
        <name>Text</name>
        <order>14</order>
        <hex>#cad3f5</hex>
        <rgb>
          <r>202</r>
          <g>211</g>
          <b>245</b>
        </rgb>
        <hsl>
          <h>227.4418604651163</h>
          <s>0.6825396825396831</s>
          <l>0.8764705882352941</l>
        </hsl>
        <accent>false</accent>
      </text>
      <subtext1>
        <name>Subtext 1</name>
        <order>15</order>
        <hex>#b8c0e0</hex>
        <rgb>
          <r>184</r>
          <g>192</g>
          <b>224</b>
        </rgb>
        <hsl>
          <h>228</h>
          <s>0.39215686274509803</s>
          <l>0.8</l>
        </hsl>
        <accent>false</accent>
      </subtext1>
      <subtext0>
        <name>Subtext 0</name>
        <order>16</order>
        <hex>#a5adcb</hex>
        <rgb>
          <r>165</r>
          <g>173</g>
          <b>203</b>
        </rgb>
        <hsl>
          <h>227.36842105263156</h>
          <s>0.2676056338028167</s>
          <l>0.7215686274509804</l>
        </hsl>
        <accent>false</accent>
      </subtext0>
      <overlay2>
        <name>Overlay 2</name>
        <order>17</order>
        <hex>#939ab7</hex>
        <rgb>
          <r>147</r>
          <g>154</g>
          <b>183</b>
        </rgb>
        <hsl>
          <h>228.33333333333331</h>
          <s>0.2000000000000001</s>
          <l>0.6470588235294117</l>
        </hsl>
        <accent>false</accent>
      </overlay2>
      <overlay1>
        <name>Overlay 1</name>
        <order>18</order>
        <hex>#8087a2</hex>
        <rgb>
          <r>128</r>
          <g>135</g>
          <b>162</b>
        </rgb>
        <hsl>
          <h>227.6470588235294</h>
          <s>0.1545454545454545</s>
          <l>0.5686274509803921</l>
        </hsl>
        <accent>false</accent>
      </overlay1>
      <overlay0>
        <name>Overlay 0</name>
        <order>19</order>
        <hex>#6e738d</hex>
        <rgb>
          <r>110</r>
          <g>115</g>
          <b>141</b>
        </rgb>
        <hsl>
          <h>230.32258064516128</h>
          <s>0.12350597609561753</s>
          <l>0.49215686274509807</l>
        </hsl>
        <accent>false</accent>
      </overlay0>
      <surface2>
        <name>Surface 2</name>
        <order>20</order>
        <hex>#5b6078</hex>
        <rgb>
          <r>91</r>
          <g>96</g>
          <b>120</b>
        </rgb>
        <hsl>
          <h>229.65517241379308</h>
          <s>0.13744075829383887</s>
          <l>0.4137254901960784</l>
        </hsl>
        <accent>false</accent>
      </surface2>
      <surface1>
        <name>Surface 1</name>
        <order>21</order>
        <hex>#494d64</hex>
        <rgb>
          <r>73</r>
          <g>77</g>
          <b>100</b>
        </rgb>
        <hsl>
          <h>231.11111111111114</h>
          <s>0.15606936416184972</s>
          <l>0.3392156862745098</l>
        </hsl>
        <accent>false</accent>
      </surface1>
      <surface0>
        <name>Surface 0</name>
        <order>22</order>
        <hex>#363a4f</hex>
        <rgb>
          <r>54</r>
          <g>58</g>
          <b>79</b>
        </rgb>
        <hsl>
          <h>230.4</h>
          <s>0.1879699248120301</s>
          <l>0.2607843137254902</l>
        </hsl>
        <accent>false</accent>
      </surface0>
      <base>
        <name>Base</name>
        <order>23</order>
        <hex>#24273a</hex>
        <rgb>
          <r>36</r>
          <g>39</g>
          <b>58</b>
        </rgb>
        <hsl>
          <h>231.8181818181818</h>
          <s>0.23404255319148934</s>
          <l>0.1843137254901961</l>
        </hsl>
        <accent>false</accent>
      </base>
      <mantle>
        <name>Mantle</name>
        <order>24</order>
        <hex>#1e2030</hex>
        <rgb>
          <r>30</r>
          <g>32</g>
          <b>48</b>
        </rgb>
        <hsl>
          <h>233.33333333333334</h>
          <s>0.23076923076923075</s>
          <l>0.15294117647058825</l>
        </hsl>
        <accent>false</accent>
      </mantle>
      <crust>
        <name>Crust</name>
        <order>25</order>
        <hex>#181926</hex>
        <rgb>
          <r>24</r>
          <g>25</g>
          <b>38</b>
        </rgb>
        <hsl>
          <h>235.71428571428572</h>
          <s>0.22580645161290322</s>
          <l>0.12156862745098039</l>
        </hsl>
        <accent>false</accent>
      </crust>
    </colors>
  </macchiato>
  <frappe>
    <name>Frappé</name>
    <order>1</order>
    <dark>true</dark>
    <colors>
      <rosewater>
        <name>Rosewater</name>
        <order>0</order>
        <hex>#f2d5cf</hex>
        <rgb>
          <r>242</r>
          <g>213</g>
          <b>207</b>
        </rgb>
        <hsl>
          <h>10.2857142857143</h>
          <s>0.5737704918032784</s>
          <l>0.8803921568627451</l>
        </hsl>
        <accent>true</accent>
      </rosewater>
      <flamingo>
        <name>Flamingo</name>
        <order>1</order>
        <hex>#eebebe</hex>
        <rgb>
          <r>238</r>
          <g>190</g>
          <b>190</b>
        </rgb>
        <hsl>
          <h>0</h>
          <s>0.5853658536585367</s>
          <l>0.8392156862745098</l>
        </hsl>
        <accent>true</accent>
      </flamingo>
      <pink>
        <name>Pink</name>
        <order>2</order>
        <hex>#f4b8e4</hex>
        <rgb>
          <r>244</r>
          <g>184</g>
          <b>228</b>
        </rgb>
        <hsl>
          <h>316</h>
          <s>0.7317073170731713</s>
          <l>0.8392156862745098</l>
        </hsl>
        <accent>true</accent>
      </pink>
      <mauve>
        <name>Mauve</name>
        <order>3</order>
        <hex>#ca9ee6</hex>
        <rgb>
          <r>202</r>
          <g>158</g>
          <b>230</b>
        </rgb>
        <hsl>
          <h>276.66666666666663</h>
          <s>0.5901639344262294</s>
          <l>0.7607843137254902</l>
        </hsl>
        <accent>true</accent>
      </mauve>
      <red>
        <name>Red</name>
        <order>4</order>
        <hex>#e78284</hex>
        <rgb>
          <r>231</r>
          <g>130</g>
          <b>132</b>
        </rgb>
        <hsl>
          <h>358.8118811881188</h>
          <s>0.6778523489932885</s>
          <l>0.7078431372549019</l>
        </hsl>
        <accent>true</accent>
      </red>
      <maroon>
        <name>Maroon</name>
        <order>5</order>
        <hex>#ea999c</hex>
        <rgb>
          <r>234</r>
          <g>153</g>
          <b>156</b>
        </rgb>
        <hsl>
          <h>357.77777777777777</h>
          <s>0.6585365853658534</s>
          <l>0.7588235294117647</l>
        </hsl>
        <accent>true</accent>
      </maroon>
      <peach>
        <name>Peach</name>
        <order>6</order>
        <hex>#ef9f76</hex>
        <rgb>
          <r>239</r>
          <g>159</g>
          <b>118</b>
        </rgb>
        <hsl>
          <h>20.33057851239669</h>
          <s>0.7908496732026143</s>
          <l>0.7</l>
        </hsl>
        <accent>true</accent>
      </peach>
      <yellow>
        <name>Yellow</name>
        <order>7</order>
        <hex>#e5c890</hex>
        <rgb>
          <r>229</r>
          <g>200</g>
          <b>144</b>
        </rgb>
        <hsl>
          <h>39.52941176470588</h>
          <s>0.6204379562043796</s>
          <l>0.7313725490196079</l>
        </hsl>
        <accent>true</accent>
      </yellow>
      <green>
        <name>Green</name>
        <order>8</order>
        <hex>#a6d189</hex>
        <rgb>
          <r>166</r>
          <g>209</g>
          <b>137</b>
        </rgb>
        <hsl>
          <h>95.83333333333331</h>
          <s>0.4390243902439024</s>
          <l>0.6784313725490196</l>
        </hsl>
        <accent>true</accent>
      </green>
      <teal>
        <name>Teal</name>
        <order>9</order>
        <hex>#81c8be</hex>
        <rgb>
          <r>129</r>
          <g>200</g>
          <b>190</b>
        </rgb>
        <hsl>
          <h>171.5492957746479</h>
          <s>0.3922651933701657</s>
          <l>0.6450980392156862</l>
        </hsl>
        <accent>true</accent>
      </teal>
      <sky>
        <name>Sky</name>
        <order>10</order>
        <hex>#99d1db</hex>
        <rgb>
          <r>153</r>
          <g>209</g>
          <b>219</b>
        </rgb>
        <hsl>
          <h>189.09090909090907</h>
          <s>0.47826086956521735</s>
          <l>0.7294117647058823</l>
        </hsl>
        <accent>true</accent>
      </sky>
      <sapphire>
        <name>Sapphire</name>
        <order>11</order>
        <hex>#85c1dc</hex>
        <rgb>
          <r>133</r>
          <g>193</g>
          <b>220</b>
        </rgb>
        <hsl>
          <h>198.62068965517244</h>
          <s>0.5541401273885351</s>
          <l>0.692156862745098</l>
        </hsl>
        <accent>true</accent>
      </sapphire>
      <blue>
        <name>Blue</name>
        <order>12</order>
        <hex>#8caaee</hex>
        <rgb>
          <r>140</r>
          <g>170</g>
          <b>238</b>
        </rgb>
        <hsl>
          <h>221.6326530612245</h>
          <s>0.7424242424242424</s>
          <l>0.7411764705882353</l>
        </hsl>
        <accent>true</accent>
      </blue>
      <lavender>
        <name>Lavender</name>
        <order>13</order>
        <hex>#babbf1</hex>
        <rgb>
          <r>186</r>
          <g>187</g>
          <b>241</b>
        </rgb>
        <hsl>
          <h>238.90909090909093</h>
          <s>0.6626506024096385</s>
          <l>0.8372549019607842</l>
        </hsl>
        <accent>true</accent>
      </lavender>
      <text>
        <name>Text</name>
        <order>14</order>
        <hex>#c6d0f5</hex>
        <rgb>
          <r>198</r>
          <g>208</g>
          <b>245</b>
        </rgb>
        <hsl>
          <h>227.2340425531915</h>
          <s>0.7014925373134333</s>
          <l>0.8686274509803922</l>
        </hsl>
        <accent>false</accent>
      </text>
      <subtext1>
        <name>Subtext 1</name>
        <order>15</order>
        <hex>#b5bfe2</hex>
        <rgb>
          <r>181</r>
          <g>191</g>
          <b>226</b>
        </rgb>
        <hsl>
          <h>226.66666666666669</h>
          <s>0.43689320388349495</s>
          <l>0.7980392156862746</l>
        </hsl>
        <accent>false</accent>
      </subtext1>
      <subtext0>
        <name>Subtext 0</name>
        <order>16</order>
        <hex>#a5adce</hex>
        <rgb>
          <r>165</r>
          <g>173</g>
          <b>206</b>
        </rgb>
        <hsl>
          <h>228.29268292682926</h>
          <s>0.2949640287769784</s>
          <l>0.7274509803921569</l>
        </hsl>
        <accent>false</accent>
      </subtext0>
      <overlay2>
        <name>Overlay 2</name>
        <order>17</order>
        <hex>#949cbb</hex>
        <rgb>
          <r>148</r>
          <g>156</g>
          <b>187</b>
        </rgb>
        <hsl>
          <h>227.69230769230768</h>
          <s>0.22285714285714275</s>
          <l>0.6568627450980392</l>
        </hsl>
        <accent>false</accent>
      </overlay2>
      <overlay1>
        <name>Overlay 1</name>
        <order>18</order>
        <hex>#838ba7</hex>
        <rgb>
          <r>131</r>
          <g>139</g>
          <b>167</b>
        </rgb>
        <hsl>
          <h>226.66666666666669</h>
          <s>0.16981132075471703</s>
          <l>0.584313725490196</l>
        </hsl>
        <accent>false</accent>
      </overlay1>
      <overlay0>
        <name>Overlay 0</name>
        <order>19</order>
        <hex>#737994</hex>
        <rgb>
          <r>115</r>
          <g>121</g>
          <b>148</b>
        </rgb>
        <hsl>
          <h>229.0909090909091</h>
          <s>0.13360323886639683</s>
          <l>0.515686274509804</l>
        </hsl>
        <accent>false</accent>
      </overlay0>
      <surface2>
        <name>Surface 2</name>
        <order>20</order>
        <hex>#626880</hex>
        <rgb>
          <r>98</r>
          <g>104</g>
          <b>128</b>
        </rgb>
        <hsl>
          <h>228.00000000000003</h>
          <s>0.1327433628318584</s>
          <l>0.44313725490196076</l>
        </hsl>
        <accent>false</accent>
      </surface2>
      <surface1>
        <name>Surface 1</name>
        <order>21</order>
        <hex>#51576d</hex>
        <rgb>
          <r>81</r>
          <g>87</g>
          <b>109</b>
        </rgb>
        <hsl>
          <h>227.14285714285714</h>
          <s>0.14736842105263157</s>
          <l>0.37254901960784315</l>
        </hsl>
        <accent>false</accent>
      </surface1>
      <surface0>
        <name>Surface 0</name>
        <order>22</order>
        <hex>#414559</hex>
        <rgb>
          <r>65</r>
          <g>69</g>
          <b>89</b>
        </rgb>
        <hsl>
          <h>230.00000000000003</h>
          <s>0.15584415584415584</s>
          <l>0.30196078431372547</l>
        </hsl>
        <accent>false</accent>
      </surface0>
      <base>
        <name>Base</name>
        <order>23</order>
        <hex>#303446</hex>
        <rgb>
          <r>48</r>
          <g>52</g>
          <b>70</b>
        </rgb>
        <hsl>
          <h>229.0909090909091</h>
          <s>0.18644067796610175</s>
          <l>0.23137254901960785</l>
        </hsl>
        <accent>false</accent>
      </base>
      <mantle>
        <name>Mantle</name>
        <order>24</order>
        <hex>#292c3c</hex>
        <rgb>
          <r>41</r>
          <g>44</g>
          <b>60</b>
        </rgb>
        <hsl>
          <h>230.52631578947367</h>
          <s>0.18811881188118806</s>
          <l>0.19803921568627453</l>
        </hsl>
        <accent>false</accent>
      </mantle>
      <crust>
        <name>Crust</name>
        <order>25</order>
        <hex>#232634</hex>
        <rgb>
          <r>35</r>
          <g>38</g>
          <b>52</b>
        </rgb>
        <hsl>
          <h>229.41176470588238</h>
          <s>0.19540229885057467</s>
          <l>0.17058823529411765</l>
        </hsl>
        <accent>false</accent>
      </crust>
    </colors>
  </frappe>
  <latte>
    <name>Latte</name>
    <order>0</order>
    <dark>false</dark>
    <colors>
      <rosewater>
        <name>Rosewater</name>
        <order>0</order>
        <hex>#dc8a78</hex>
        <rgb>
          <r>220</r>
          <g>138</g>
          <b>120</b>
        </rgb>
        <hsl>
          <h>10.799999999999995</h>
          <s>0.5882352941176472</s>
          <l>0.6666666666666667</l>
        </hsl>
        <accent>true</accent>
      </rosewater>
      <flamingo>
        <name>Flamingo</name>
        <order>1</order>
        <hex>#dd7878</hex>
        <rgb>
          <r>221</r>
          <g>120</g>
          <b>120</b>
        </rgb>
        <hsl>
          <h>0</h>
          <s>0.5976331360946746</s>
          <l>0.6686274509803922</l>
        </hsl>
        <accent>true</accent>
      </flamingo>
      <pink>
        <name>Pink</name>
        <order>2</order>
        <hex>#ea76cb</hex>
        <rgb>
          <r>234</r>
          <g>118</g>
          <b>203</b>
        </rgb>
        <hsl>
          <h>316.0344827586207</h>
          <s>0.7341772151898731</s>
          <l>0.6901960784313725</l>
        </hsl>
        <accent>true</accent>
      </pink>
      <mauve>
        <name>Mauve</name>
        <order>3</order>
        <hex>#8839ef</hex>
        <rgb>
          <r>136</r>
          <g>57</g>
          <b>239</b>
        </rgb>
        <hsl>
          <h>266.0439560439561</h>
          <s>0.8504672897196262</s>
          <l>0.5803921568627451</l>
        </hsl>
        <accent>true</accent>
      </mauve>
      <red>
        <name>Red</name>
        <order>4</order>
        <hex>#d20f39</hex>
        <rgb>
          <r>210</r>
          <g>15</g>
          <b>57</b>
        </rgb>
        <hsl>
          <h>347.0769230769231</h>
          <s>0.8666666666666666</s>
          <l>0.4411764705882353</l>
        </hsl>
        <accent>true</accent>
      </red>
      <maroon>
        <name>Maroon</name>
        <order>5</order>
        <hex>#e64553</hex>
        <rgb>
          <r>230</r>
          <g>69</g>
          <b>83</b>
        </rgb>
        <hsl>
          <h>354.78260869565213</h>
          <s>0.76303317535545</s>
          <l>0.5862745098039216</l>
        </hsl>
        <accent>true</accent>
      </maroon>
      <peach>
        <name>Peach</name>
        <order>6</order>
        <hex>#fe640b</hex>
        <rgb>
          <r>254</r>
          <g>100</g>
          <b>11</b>
        </rgb>
        <hsl>
          <h>21.975308641975307</h>
          <s>0.9918367346938776</s>
          <l>0.5196078431372549</l>
        </hsl>
        <accent>true</accent>
      </peach>
      <yellow>
        <name>Yellow</name>
        <order>7</order>
        <hex>#df8e1d</hex>
        <rgb>
          <r>223</r>
          <g>142</g>
          <b>29</b>
        </rgb>
        <hsl>
          <h>34.948453608247426</h>
          <s>0.7698412698412698</s>
          <l>0.49411764705882355</l>
        </hsl>
        <accent>true</accent>
      </yellow>
      <green>
        <name>Green</name>
        <order>8</order>
        <hex>#40a02b</hex>
        <rgb>
          <r>64</r>
          <g>160</g>
          <b>43</b>
        </rgb>
        <hsl>
          <h>109.23076923076923</h>
          <s>0.5763546798029556</s>
          <l>0.39803921568627454</l>
        </hsl>
        <accent>true</accent>
      </green>
      <teal>
        <name>Teal</name>
        <order>9</order>
        <hex>#179299</hex>
        <rgb>
          <r>23</r>
          <g>146</g>
          <b>153</b>
        </rgb>
        <hsl>
          <h>183.23076923076923</h>
          <s>0.7386363636363636</s>
          <l>0.34509803921568627</l>
        </hsl>
        <accent>true</accent>
      </teal>
      <sky>
        <name>Sky</name>
        <order>10</order>
        <hex>#04a5e5</hex>
        <rgb>
          <r>4</r>
          <g>165</g>
          <b>229</b>
        </rgb>
        <hsl>
          <h>197.0666666666667</h>
          <s>0.965665236051502</s>
          <l>0.45686274509803926</l>
        </hsl>
        <accent>true</accent>
      </sky>
      <sapphire>
        <name>Sapphire</name>
        <order>11</order>
        <hex>#209fb5</hex>
        <rgb>
          <r>32</r>
          <g>159</g>
          <b>181</b>
        </rgb>
        <hsl>
          <h>188.85906040268458</h>
          <s>0.6995305164319249</s>
          <l>0.4176470588235294</l>
        </hsl>
        <accent>true</accent>
      </sapphire>
      <blue>
        <name>Blue</name>
        <order>12</order>
        <hex>#1e66f5</hex>
        <rgb>
          <r>30</r>
          <g>102</g>
          <b>245</b>
        </rgb>
        <hsl>
          <h>219.90697674418607</h>
          <s>0.9148936170212768</s>
          <l>0.5392156862745098</l>
        </hsl>
        <accent>true</accent>
      </blue>
      <lavender>
        <name>Lavender</name>
        <order>13</order>
        <hex>#7287fd</hex>
        <rgb>
          <r>114</r>
          <g>135</g>
          <b>253</b>
        </rgb>
        <hsl>
          <h>230.93525179856115</h>
          <s>0.9720279720279721</s>
          <l>0.7196078431372549</l>
        </hsl>
        <accent>true</accent>
      </lavender>
      <text>
        <name>Text</name>
        <order>14</order>
        <hex>#4c4f69</hex>
        <rgb>
          <r>76</r>
          <g>79</g>
          <b>105</b>
        </rgb>
        <hsl>
          <h>233.79310344827587</h>
          <s>0.16022099447513813</s>
          <l>0.3549019607843137</l>
        </hsl>
        <accent>false</accent>
      </text>
      <subtext1>
        <name>Subtext 1</name>
        <order>15</order>
        <hex>#5c5f77</hex>
        <rgb>
          <r>92</r>
          <g>95</g>
          <b>119</b>
        </rgb>
        <hsl>
          <h>233.33333333333334</h>
          <s>0.1279620853080569</s>
          <l>0.4137254901960784</l>
        </hsl>
        <accent>false</accent>
      </subtext1>
      <subtext0>
        <name>Subtext 0</name>
        <order>16</order>
        <hex>#6c6f85</hex>
        <rgb>
          <r>108</r>
          <g>111</g>
          <b>133</b>
        </rgb>
        <hsl>
          <h>232.79999999999998</h>
          <s>0.10373443983402494</s>
          <l>0.4725490196078431</l>
        </hsl>
        <accent>false</accent>
      </subtext0>
      <overlay2>
        <name>Overlay 2</name>
        <order>17</order>
        <hex>#7c7f93</hex>
        <rgb>
          <r>124</r>
          <g>127</g>
          <b>147</b>
        </rgb>
        <hsl>
          <h>232.17391304347825</h>
          <s>0.09623430962343092</s>
          <l>0.5313725490196078</l>
        </hsl>
        <accent>false</accent>
      </overlay2>
      <overlay1>
        <name>Overlay 1</name>
        <order>18</order>
        <hex>#8c8fa1</hex>
        <rgb>
          <r>140</r>
          <g>143</g>
          <b>161</b>
        </rgb>
        <hsl>
          <h>231.42857142857144</h>
          <s>0.10047846889952144</s>
          <l>0.5901960784313726</l>
        </hsl>
        <accent>false</accent>
      </overlay1>
      <overlay0>
        <name>Overlay 0</name>
        <order>19</order>
        <hex>#9ca0b0</hex>
        <rgb>
          <r>156</r>
          <g>160</g>
          <b>176</b>
        </rgb>
        <hsl>
          <h>228.00000000000003</h>
          <s>0.11235955056179768</s>
          <l>0.6509803921568628</l>
        </hsl>
        <accent>false</accent>
      </overlay0>
      <surface2>
        <name>Surface 2</name>
        <order>20</order>
        <hex>#acb0be</hex>
        <rgb>
          <r>172</r>
          <g>176</g>
          <b>190</b>
        </rgb>
        <hsl>
          <h>226.6666666666667</h>
          <s>0.12162162162162159</s>
          <l>0.7098039215686275</l>
        </hsl>
        <accent>false</accent>
      </surface2>
      <surface1>
        <name>Surface 1</name>
        <order>21</order>
        <hex>#bcc0cc</hex>
        <rgb>
          <r>188</r>
          <g>192</g>
          <b>204</b>
        </rgb>
        <hsl>
          <h>225.00000000000003</h>
          <s>0.13559322033898308</s>
          <l>0.7686274509803922</l>
        </hsl>
        <accent>false</accent>
      </surface1>
      <surface0>
        <name>Surface 0</name>
        <order>22</order>
        <hex>#ccd0da</hex>
        <rgb>
          <r>204</r>
          <g>208</g>
          <b>218</b>
        </rgb>
        <hsl>
          <h>222.85714285714292</h>
          <s>0.1590909090909089</s>
          <l>0.8274509803921568</l>
        </hsl>
        <accent>false</accent>
      </surface0>
      <base>
        <name>Base</name>
        <order>23</order>
        <hex>#eff1f5</hex>
        <rgb>
          <r>239</r>
          <g>241</g>
          <b>245</b>
        </rgb>
        <hsl>
          <h>220.00000000000009</h>
          <s>0.23076923076923136</s>
          <l>0.9490196078431372</l>
        </hsl>
        <accent>false</accent>
      </base>
      <mantle>
        <name>Mantle</name>
        <order>24</order>
        <hex>#e6e9ef</hex>
        <rgb>
          <r>230</r>
          <g>233</g>
          <b>239</b>
        </rgb>
        <hsl>
          <h>220.00000000000006</h>
          <s>0.21951219512195116</s>
          <l>0.919607843137255</l>
        </hsl>
        <accent>false</accent>
      </mantle>
      <crust>
        <name>Crust</name>
        <order>25</order>
        <hex>#dce0e8</hex>
        <rgb>
          <r>220</r>
          <g>224</g>
          <b>232</b>
        </rgb>
        <hsl>
          <h>220.00000000000006</h>
          <s>0.20689655172413762</s>
          <l>0.8862745098039215</l>
        </hsl>
        <accent>false</accent>
      </crust>
    </colors>
  </latte>
</root>
